-- phpMyAdmin SQL Dump
-- version 5.2.1
-- https://www.phpmyadmin.net/
--
-- Hôte : 127.0.0.1
-- Généré le : dim. 07 avr. 2024 à 13:02
-- Version du serveur : 10.4.28-MariaDB
-- Version de PHP : 8.2.4

SET SQL_MODE = "NO_AUTO_VALUE_ON_ZERO";
START TRANSACTION;
SET time_zone = "+00:00";


/*!40101 SET @OLD_CHARACTER_SET_CLIENT=@@CHARACTER_SET_CLIENT */;
/*!40101 SET @OLD_CHARACTER_SET_RESULTS=@@CHARACTER_SET_RESULTS */;
/*!40101 SET @OLD_COLLATION_CONNECTION=@@COLLATION_CONNECTION */;
/*!40101 SET NAMES utf8mb4 */;

--
-- Base de données : `todolist`
--

-- --------------------------------------------------------

--
-- Structure de la table `doctrine_migration_versions`
--

CREATE TABLE `doctrine_migration_versions` (
  `version` varchar(191) NOT NULL,
  `executed_at` datetime DEFAULT NULL,
  `execution_time` int(11) DEFAULT NULL
) ENGINE=InnoDB DEFAULT CHARSET=utf8 COLLATE=utf8_unicode_ci;

--
-- Déchargement des données de la table `doctrine_migration_versions`
--

INSERT INTO `doctrine_migration_versions` (`version`, `executed_at`, `execution_time`) VALUES
('DoctrineMigrations\\Version20240202124730', '2024-04-07 13:00:25', 358),
('DoctrineMigrations\\Version20240202131343', '2024-04-07 13:00:25', 62),
('DoctrineMigrations\\Version20240202131615', '2024-04-07 13:00:25', 8),
('DoctrineMigrations\\Version20240223091804', '2024-04-07 13:00:25', 22),
('DoctrineMigrations\\Version20240223093253', '2024-04-07 13:00:25', 181);

-- --------------------------------------------------------

--
-- Structure de la table `messenger_messages`
--

CREATE TABLE `messenger_messages` (
  `id` bigint(20) NOT NULL,
  `body` longtext NOT NULL,
  `headers` longtext NOT NULL,
  `queue_name` varchar(190) NOT NULL,
  `created_at` datetime NOT NULL COMMENT '(DC2Type:datetime_immutable)',
  `available_at` datetime NOT NULL COMMENT '(DC2Type:datetime_immutable)',
  `delivered_at` datetime DEFAULT NULL COMMENT '(DC2Type:datetime_immutable)'
) ENGINE=InnoDB DEFAULT CHARSET=utf8mb4 COLLATE=utf8mb4_unicode_ci;

-- --------------------------------------------------------

--
-- Structure de la table `task`
--

CREATE TABLE `task` (
  `id` int(11) NOT NULL,
  `title` varchar(80) NOT NULL,
  `content` varchar(255) NOT NULL,
  `is_done` tinyint(1) NOT NULL,
  `created_at` datetime NOT NULL COMMENT '(DC2Type:datetime_immutable)',
  `updated_at` datetime DEFAULT NULL COMMENT '(DC2Type:datetime_immutable)',
  `user_id` int(11) DEFAULT NULL
) ENGINE=InnoDB DEFAULT CHARSET=utf8mb4 COLLATE=utf8mb4_unicode_ci;

--
-- Déchargement des données de la table `task`
--

INSERT INTO `task` (`id`, `title`, `content`, `is_done`, `created_at`, `updated_at`, `user_id`) VALUES
(1, 'Tâche administration n° 1', 'Contenu de la tâche d\'administration n° 1', 0, '2024-03-07 13:00:39', NULL, 1),
(2, 'Tâche administration n° 2', 'Contenu de la tâche d\'administration n° 2', 0, '2024-04-07 13:00:40', NULL, 1),
(3, 'Tâche administration n° 3', 'Contenu de la tâche d\'administration n° 3', 0, '2024-04-07 13:00:40', NULL, 1),
(4, 'Tâche administration n° 4', 'Contenu de la tâche d\'administration n° 4', 0, '2024-04-07 13:00:40', NULL, 1),
(5, 'Tâche administration n° 5', 'Contenu de la tâche d\'administration n° 5', 0, '2024-04-07 13:00:40', NULL, 1),
(6, 'Tâche administration terminée n° 1', 'Contenu de la tâche d\'administration terminée n° 1', 1, '2024-04-07 13:00:40', NULL, 1),
(7, 'Tâche administration terminée n° 2', 'Contenu de la tâche d\'administration terminée n° 2', 1, '2024-04-07 13:00:40', NULL, 1),
(8, 'Tâche administration terminée n° 3', 'Contenu de la tâche d\'administration terminée n° 3', 1, '2024-04-07 13:00:40', NULL, 1),
(9, 'Tâche administration terminée n° 4', 'Contenu de la tâche d\'administration terminée n° 4', 1, '2024-04-07 13:00:40', NULL, 1),
(10, 'Tâche anonyme n° 1', 'Contenu de la tâche anonyme n° 1', 0, '2024-03-07 13:00:39', NULL, 2),
(11, 'Tâche anonyme n° 2', 'Contenu de la tâche anonyme n° 2', 0, '2024-04-07 13:00:40', NULL, 2),
(12, 'Tâche anonyme n° 3', 'Contenu de la tâche anonyme n° 3', 0, '2024-04-07 13:00:40', NULL, 2),
(13, 'Tâche anonyme n° 4', 'Contenu de la tâche anonyme n° 4', 0, '2024-04-07 13:00:40', NULL, 2),
(14, 'Tâche anonyme n° 5', 'Contenu de la tâche anonyme n° 5', 0, '2024-04-07 13:00:40', NULL, 2),
(15, 'Tâche anonyme n° 6', 'Contenu de la tâche anonyme n° 6', 0, '2024-04-07 13:00:40', NULL, 2),
(16, 'Tâche anonyme n° 7', 'Contenu de la tâche anonyme n° 7', 0, '2024-04-07 13:00:40', NULL, 2),
(17, 'Tâche anonyme n° 8', 'Contenu de la tâche anonyme n° 8', 0, '2024-04-07 13:00:40', NULL, 2),
(18, 'Tâche anonyme terminée n° 1', 'Contenu de la tâche anonyme terminée n° 1', 1, '2024-04-07 13:00:40', NULL, 2),
(19, 'Tâche anonyme terminée n° 2', 'Contenu de la tâche anonyme terminée n° 2', 1, '2024-04-07 13:00:40', NULL, 2),
(20, 'Tâche anonyme terminée n° 3', 'Contenu de la tâche anonyme terminée n° 3', 1, '2024-04-07 13:00:40', NULL, 2),
(21, 'Tâche anonyme terminée n° 4', 'Contenu de la tâche anonyme terminée n° 4', 1, '2024-04-07 13:00:40', NULL, 2),
(22, 'Tâche anonyme terminée n° 5', 'Contenu de la tâche anonyme terminée n° 5', 1, '2024-04-07 13:00:40', NULL, 2),
(23, 'Tâche anonyme terminée n° 6', 'Contenu de la tâche anonyme terminée n° 6', 1, '2024-04-07 13:00:40', NULL, 2),
(24, 'Tâche à faire n° 1', 'Contenu de la tâche à faire n° 1', 0, '2024-03-07 13:00:39', NULL, 3),
(25, 'Tâche à faire n° 2', 'Contenu de la tâche à faire n° 2', 0, '2024-03-07 13:00:39', NULL, 3),
(26, 'Tâche à faire n° 1', 'Contenu de la tâche à faire n° 1', 0, '2024-04-07 13:00:42', NULL, 4),
(27, 'Tâche à faire n° 2', 'Contenu de la tâche à faire n° 2', 0, '2024-04-07 13:00:42', NULL, 4),
(28, 'Tâche à faire n° 3', 'Contenu de la tâche à faire n° 3', 0, '2024-04-07 13:00:42', NULL, 4),
(29, 'Tâche à faire n° 4', 'Contenu de la tâche à faire n° 4', 0, '2024-04-07 13:00:42', NULL, 4),
(30, 'Tâche à faire n° 5', 'Contenu de la tâche à faire n° 5', 0, '2024-04-07 13:00:42', NULL, 4),
(31, 'Tâche à faire n° 6', 'Contenu de la tâche à faire n° 6', 0, '2024-04-07 13:00:42', NULL, 4),
(32, 'Tâche à faire n° 7', 'Contenu de la tâche à faire n° 7', 0, '2024-04-07 13:00:42', NULL, 4),
(33, 'Tâche à faire n° 8', 'Contenu de la tâche à faire n° 8', 0, '2024-04-07 13:00:42', NULL, 4),
(34, 'Tâche terminée n° 1', 'Contenu de la tâche terminée n° 1', 1, '2024-04-07 13:00:42', NULL, 4),
(35, 'Tâche terminée n° 2', 'Contenu de la tâche terminée n° 2', 1, '2024-04-07 13:00:42', NULL, 4),
(36, 'Tâche terminée n° 3', 'Contenu de la tâche terminée n° 3', 1, '2024-04-07 13:00:42', NULL, 4),
(37, 'Tâche terminée n° 4', 'Contenu de la tâche terminée n° 4', 1, '2024-04-07 13:00:42', NULL, 4),
(38, 'Tâche terminée n° 5', 'Contenu de la tâche terminée n° 5', 1, '2024-04-07 13:00:42', NULL, 4),
(39, 'Tâche terminée n° 6', 'Contenu de la tâche terminée n° 6', 1, '2024-04-07 13:00:42', NULL, 4),
(40, 'Tâche n° 1 de qraynaud', 'Contenu de la tâche n° 1 de qraynaud', 0, '2024-04-07 13:00:43', NULL, 5),
(41, 'Tâche n° 2 de qraynaud', 'Contenu de la tâche n° 2 de qraynaud', 0, '2024-04-07 13:00:43', NULL, 5),
(42, 'Tâche n° 3 de qraynaud', 'Contenu de la tâche n° 3 de qraynaud', 0, '2024-04-07 13:00:43', NULL, 5),
(43, 'Tâche n° 4 de qraynaud', 'Contenu de la tâche n° 4 de qraynaud', 0, '2024-04-07 13:00:43', NULL, 5),
(44, 'Tâche n° 5 de qraynaud', 'Contenu de la tâche n° 5 de qraynaud', 0, '2024-04-07 13:00:43', NULL, 5),
(45, 'Tâche n° 6 de qraynaud', 'Contenu de la tâche n° 6 de qraynaud', 0, '2024-04-07 13:00:43', NULL, 5),
(46, 'Tâche n° 7 de qraynaud', 'Contenu de la tâche n° 7 de qraynaud', 0, '2024-04-07 13:00:43', NULL, 5),
(47, 'Tâche n° 8 de qraynaud', 'Contenu de la tâche n° 8 de qraynaud', 0, '2024-04-07 13:00:43', NULL, 5),
(48, 'Tâche n° 9 de qraynaud', 'Contenu de la tâche n° 9 de qraynaud', 0, '2024-04-07 13:00:43', NULL, 5),
(49, 'Tâche n° 10 de qraynaud', 'Contenu de la tâche n° 10 de qraynaud', 0, '2024-04-07 13:00:43', NULL, 5),
(50, 'Tâche terminée n° 1 de qraynaud', 'Contenu de la tâche terminée n° 1 de qraynaud', 0, '2024-04-07 13:00:43', NULL, 5),
(51, 'Tâche terminée n° 2 de qraynaud', 'Contenu de la tâche terminée n° 2 de qraynaud', 0, '2024-04-07 13:00:43', NULL, 5),
(52, 'Tâche terminée n° 3 de qraynaud', 'Contenu de la tâche terminée n° 3 de qraynaud', 0, '2024-04-07 13:00:43', NULL, 5),
(53, 'Tâche terminée n° 4 de qraynaud', 'Contenu de la tâche terminée n° 4 de qraynaud', 0, '2024-04-07 13:00:43', NULL, 5),
(54, 'Tâche terminée n° 5 de qraynaud', 'Contenu de la tâche terminée n° 5 de qraynaud', 0, '2024-04-07 13:00:43', NULL, 5),
(55, 'Tâche terminée n° 6 de qraynaud', 'Contenu de la tâche terminée n° 6 de qraynaud', 0, '2024-04-07 13:00:43', NULL, 5),
(56, 'Tâche terminée n° 7 de qraynaud', 'Contenu de la tâche terminée n° 7 de qraynaud', 0, '2024-04-07 13:00:43', NULL, 5),
(57, 'Tâche terminée n° 8 de qraynaud', 'Contenu de la tâche terminée n° 8 de qraynaud', 0, '2024-04-07 13:00:43', NULL, 5),
(58, 'Tâche terminée n° 9 de qraynaud', 'Contenu de la tâche terminée n° 9 de qraynaud', 0, '2024-04-07 13:00:43', NULL, 5),
(59, 'Tâche terminée n° 10 de qraynaud', 'Contenu de la tâche terminée n° 10 de qraynaud', 0, '2024-04-07 13:00:43', NULL, 5),
(60, 'Tâche terminée n° 11 de qraynaud', 'Contenu de la tâche terminée n° 11 de qraynaud', 0, '2024-04-07 13:00:43', NULL, 5),
(61, 'Tâche terminée n° 12 de qraynaud', 'Contenu de la tâche terminée n° 12 de qraynaud', 0, '2024-04-07 13:00:43', NULL, 5),
(62, 'Tâche n° 1 de rrey', 'Contenu de la tâche n° 1 de rrey', 0, '2024-04-07 13:00:44', NULL, 6),
(63, 'Tâche n° 2 de rrey', 'Contenu de la tâche n° 2 de rrey', 0, '2024-04-07 13:00:44', NULL, 6),
(64, 'Tâche n° 3 de rrey', 'Contenu de la tâche n° 3 de rrey', 0, '2024-04-07 13:00:44', NULL, 6),
(65, 'Tâche n° 4 de rrey', 'Contenu de la tâche n° 4 de rrey', 0, '2024-04-07 13:00:44', NULL, 6),
(66, 'Tâche n° 5 de rrey', 'Contenu de la tâche n° 5 de rrey', 0, '2024-04-07 13:00:44', NULL, 6),
(67, 'Tâche n° 6 de rrey', 'Contenu de la tâche n° 6 de rrey', 0, '2024-04-07 13:00:44', NULL, 6),
(68, 'Tâche n° 7 de rrey', 'Contenu de la tâche n° 7 de rrey', 0, '2024-04-07 13:00:44', NULL, 6),
(69, 'Tâche n° 8 de rrey', 'Contenu de la tâche n° 8 de rrey', 0, '2024-04-07 13:00:44', NULL, 6),
(70, 'Tâche n° 9 de rrey', 'Contenu de la tâche n° 9 de rrey', 0, '2024-04-07 13:00:44', NULL, 6),
(71, 'Tâche n° 10 de rrey', 'Contenu de la tâche n° 10 de rrey', 0, '2024-04-07 13:00:44', NULL, 6),
(72, 'Tâche terminée n° 1 de rrey', 'Contenu de la tâche terminée n° 1 de rrey', 0, '2024-04-07 13:00:44', NULL, 6),
(73, 'Tâche terminée n° 2 de rrey', 'Contenu de la tâche terminée n° 2 de rrey', 0, '2024-04-07 13:00:44', NULL, 6),
(74, 'Tâche terminée n° 3 de rrey', 'Contenu de la tâche terminée n° 3 de rrey', 0, '2024-04-07 13:00:44', NULL, 6),
(75, 'Tâche terminée n° 4 de rrey', 'Contenu de la tâche terminée n° 4 de rrey', 0, '2024-04-07 13:00:44', NULL, 6),
(76, 'Tâche terminée n° 5 de rrey', 'Contenu de la tâche terminée n° 5 de rrey', 0, '2024-04-07 13:00:44', NULL, 6),
(77, 'Tâche terminée n° 6 de rrey', 'Contenu de la tâche terminée n° 6 de rrey', 0, '2024-04-07 13:00:44', NULL, 6),
(78, 'Tâche terminée n° 7 de rrey', 'Contenu de la tâche terminée n° 7 de rrey', 0, '2024-04-07 13:00:44', NULL, 6),
(79, 'Tâche terminée n° 8 de rrey', 'Contenu de la tâche terminée n° 8 de rrey', 0, '2024-04-07 13:00:44', NULL, 6),
(80, 'Tâche terminée n° 9 de rrey', 'Contenu de la tâche terminée n° 9 de rrey', 0, '2024-04-07 13:00:44', NULL, 6),
(81, 'Tâche terminée n° 10 de rrey', 'Contenu de la tâche terminée n° 10 de rrey', 0, '2024-04-07 13:00:44', NULL, 6),
(82, 'Tâche terminée n° 11 de rrey', 'Contenu de la tâche terminée n° 11 de rrey', 0, '2024-04-07 13:00:44', NULL, 6),
(83, 'Tâche terminée n° 12 de rrey', 'Contenu de la tâche terminée n° 12 de rrey', 0, '2024-04-07 13:00:44', NULL, 6),
(84, 'Tâche n° 1 de patrick42', 'Contenu de la tâche n° 1 de patrick42', 0, '2024-04-07 13:00:44', NULL, 7),
(85, 'Tâche n° 2 de patrick42', 'Contenu de la tâche n° 2 de patrick42', 0, '2024-04-07 13:00:44', NULL, 7),
(86, 'Tâche n° 3 de patrick42', 'Contenu de la tâche n° 3 de patrick42', 0, '2024-04-07 13:00:44', NULL, 7),
(87, 'Tâche n° 4 de patrick42', 'Contenu de la tâche n° 4 de patrick42', 0, '2024-04-07 13:00:44', NULL, 7),
(88, 'Tâche n° 5 de patrick42', 'Contenu de la tâche n° 5 de patrick42', 0, '2024-04-07 13:00:44', NULL, 7),
(89, 'Tâche n° 6 de patrick42', 'Contenu de la tâche n° 6 de patrick42', 0, '2024-04-07 13:00:44', NULL, 7),
(90, 'Tâche n° 7 de patrick42', 'Contenu de la tâche n° 7 de patrick42', 0, '2024-04-07 13:00:44', NULL, 7),
(91, 'Tâche n° 8 de patrick42', 'Contenu de la tâche n° 8 de patrick42', 0, '2024-04-07 13:00:44', NULL, 7),
(92, 'Tâche n° 9 de patrick42', 'Contenu de la tâche n° 9 de patrick42', 0, '2024-04-07 13:00:44', NULL, 7),
(93, 'Tâche n° 10 de patrick42', 'Contenu de la tâche n° 10 de patrick42', 0, '2024-04-07 13:00:44', NULL, 7),
(94, 'Tâche terminée n° 1 de patrick42', 'Contenu de la tâche terminée n° 1 de patrick42', 0, '2024-04-07 13:00:44', NULL, 7),
(95, 'Tâche terminée n° 2 de patrick42', 'Contenu de la tâche terminée n° 2 de patrick42', 0, '2024-04-07 13:00:44', NULL, 7),
(96, 'Tâche terminée n° 3 de patrick42', 'Contenu de la tâche terminée n° 3 de patrick42', 0, '2024-04-07 13:00:44', NULL, 7),
(97, 'Tâche terminée n° 4 de patrick42', 'Contenu de la tâche terminée n° 4 de patrick42', 0, '2024-04-07 13:00:44', NULL, 7),
(98, 'Tâche terminée n° 5 de patrick42', 'Contenu de la tâche terminée n° 5 de patrick42', 0, '2024-04-07 13:00:44', NULL, 7),
(99, 'Tâche terminée n° 6 de patrick42', 'Contenu de la tâche terminée n° 6 de patrick42', 0, '2024-04-07 13:00:44', NULL, 7),
(100, 'Tâche terminée n° 7 de patrick42', 'Contenu de la tâche terminée n° 7 de patrick42', 0, '2024-04-07 13:00:44', NULL, 7),
(101, 'Tâche terminée n° 8 de patrick42', 'Contenu de la tâche terminée n° 8 de patrick42', 0, '2024-04-07 13:00:44', NULL, 7),
(102, 'Tâche terminée n° 9 de patrick42', 'Contenu de la tâche terminée n° 9 de patrick42', 0, '2024-04-07 13:00:44', NULL, 7),
(103, 'Tâche terminée n° 10 de patrick42', 'Contenu de la tâche terminée n° 10 de patrick42', 0, '2024-04-07 13:00:44', NULL, 7),
(104, 'Tâche terminée n° 11 de patrick42', 'Contenu de la tâche terminée n° 11 de patrick42', 0, '2024-04-07 13:00:44', NULL, 7),
(105, 'Tâche terminée n° 12 de patrick42', 'Contenu de la tâche terminée n° 12 de patrick42', 0, '2024-04-07 13:00:44', NULL, 7),
(106, 'Tâche n° 1 de mchevalier', 'Contenu de la tâche n° 1 de mchevalier', 0, '2024-04-07 13:00:45', NULL, 8),
(107, 'Tâche n° 2 de mchevalier', 'Contenu de la tâche n° 2 de mchevalier', 0, '2024-04-07 13:00:45', NULL, 8),
(108, 'Tâche n° 3 de mchevalier', 'Contenu de la tâche n° 3 de mchevalier', 0, '2024-04-07 13:00:45', NULL, 8),
(109, 'Tâche n° 4 de mchevalier', 'Contenu de la tâche n° 4 de mchevalier', 0, '2024-04-07 13:00:45', NULL, 8),
(110, 'Tâche n° 5 de mchevalier', 'Contenu de la tâche n° 5 de mchevalier', 0, '2024-04-07 13:00:45', NULL, 8),
(111, 'Tâche n° 6 de mchevalier', 'Contenu de la tâche n° 6 de mchevalier', 0, '2024-04-07 13:00:45', NULL, 8),
(112, 'Tâche n° 7 de mchevalier', 'Contenu de la tâche n° 7 de mchevalier', 0, '2024-04-07 13:00:45', NULL, 8),
(113, 'Tâche n° 8 de mchevalier', 'Contenu de la tâche n° 8 de mchevalier', 0, '2024-04-07 13:00:45', NULL, 8),
(114, 'Tâche n° 9 de mchevalier', 'Contenu de la tâche n° 9 de mchevalier', 0, '2024-04-07 13:00:45', NULL, 8),
(115, 'Tâche n° 10 de mchevalier', 'Contenu de la tâche n° 10 de mchevalier', 0, '2024-04-07 13:00:45', NULL, 8),
(116, 'Tâche terminée n° 1 de mchevalier', 'Contenu de la tâche terminée n° 1 de mchevalier', 0, '2024-04-07 13:00:45', NULL, 8),
(117, 'Tâche terminée n° 2 de mchevalier', 'Contenu de la tâche terminée n° 2 de mchevalier', 0, '2024-04-07 13:00:45', NULL, 8),
(118, 'Tâche terminée n° 3 de mchevalier', 'Contenu de la tâche terminée n° 3 de mchevalier', 0, '2024-04-07 13:00:45', NULL, 8),
(119, 'Tâche terminée n° 4 de mchevalier', 'Contenu de la tâche terminée n° 4 de mchevalier', 0, '2024-04-07 13:00:45', NULL, 8),
(120, 'Tâche terminée n° 5 de mchevalier', 'Contenu de la tâche terminée n° 5 de mchevalier', 0, '2024-04-07 13:00:45', NULL, 8),
(121, 'Tâche terminée n° 6 de mchevalier', 'Contenu de la tâche terminée n° 6 de mchevalier', 0, '2024-04-07 13:00:45', NULL, 8),
(122, 'Tâche terminée n° 7 de mchevalier', 'Contenu de la tâche terminée n° 7 de mchevalier', 0, '2024-04-07 13:00:45', NULL, 8),
(123, 'Tâche terminée n° 8 de mchevalier', 'Contenu de la tâche terminée n° 8 de mchevalier', 0, '2024-04-07 13:00:45', NULL, 8),
(124, 'Tâche terminée n° 9 de mchevalier', 'Contenu de la tâche terminée n° 9 de mchevalier', 0, '2024-04-07 13:00:45', NULL, 8),
(125, 'Tâche terminée n° 10 de mchevalier', 'Contenu de la tâche terminée n° 10 de mchevalier', 0, '2024-04-07 13:00:45', NULL, 8),
(126, 'Tâche terminée n° 11 de mchevalier', 'Contenu de la tâche terminée n° 11 de mchevalier', 0, '2024-04-07 13:00:45', NULL, 8),
(127, 'Tâche terminée n° 12 de mchevalier', 'Contenu de la tâche terminée n° 12 de mchevalier', 0, '2024-04-07 13:00:45', NULL, 8),
(128, 'Tâche n° 1 de hleger', 'Contenu de la tâche n° 1 de hleger', 0, '2024-04-07 13:00:46', NULL, 9),
(129, 'Tâche n° 2 de hleger', 'Contenu de la tâche n° 2 de hleger', 0, '2024-04-07 13:00:46', NULL, 9),
(130, 'Tâche n° 3 de hleger', 'Contenu de la tâche n° 3 de hleger', 0, '2024-04-07 13:00:46', NULL, 9),
(131, 'Tâche n° 4 de hleger', 'Contenu de la tâche n° 4 de hleger', 0, '2024-04-07 13:00:46', NULL, 9),
(132, 'Tâche n° 5 de hleger', 'Contenu de la tâche n° 5 de hleger', 0, '2024-04-07 13:00:46', NULL, 9),
(133, 'Tâche n° 6 de hleger', 'Contenu de la tâche n° 6 de hleger', 0, '2024-04-07 13:00:46', NULL, 9),
(134, 'Tâche n° 7 de hleger', 'Contenu de la tâche n° 7 de hleger', 0, '2024-04-07 13:00:46', NULL, 9),
(135, 'Tâche n° 8 de hleger', 'Contenu de la tâche n° 8 de hleger', 0, '2024-04-07 13:00:46', NULL, 9),
(136, 'Tâche n° 9 de hleger', 'Contenu de la tâche n° 9 de hleger', 0, '2024-04-07 13:00:46', NULL, 9),
(137, 'Tâche n° 10 de hleger', 'Contenu de la tâche n° 10 de hleger', 0, '2024-04-07 13:00:46', NULL, 9),
(138, 'Tâche terminée n° 1 de hleger', 'Contenu de la tâche terminée n° 1 de hleger', 0, '2024-04-07 13:00:46', NULL, 9),
(139, 'Tâche terminée n° 2 de hleger', 'Contenu de la tâche terminée n° 2 de hleger', 0, '2024-04-07 13:00:46', NULL, 9),
(140, 'Tâche terminée n° 3 de hleger', 'Contenu de la tâche terminée n° 3 de hleger', 0, '2024-04-07 13:00:46', NULL, 9),
(141, 'Tâche terminée n° 4 de hleger', 'Contenu de la tâche terminée n° 4 de hleger', 0, '2024-04-07 13:00:46', NULL, 9),
(142, 'Tâche terminée n° 5 de hleger', 'Contenu de la tâche terminée n° 5 de hleger', 0, '2024-04-07 13:00:46', NULL, 9),
(143, 'Tâche terminée n° 6 de hleger', 'Contenu de la tâche terminée n° 6 de hleger', 0, '2024-04-07 13:00:46', NULL, 9),
(144, 'Tâche terminée n° 7 de hleger', 'Contenu de la tâche terminée n° 7 de hleger', 0, '2024-04-07 13:00:46', NULL, 9),
(145, 'Tâche terminée n° 8 de hleger', 'Contenu de la tâche terminée n° 8 de hleger', 0, '2024-04-07 13:00:46', NULL, 9),
(146, 'Tâche terminée n° 9 de hleger', 'Contenu de la tâche terminée n° 9 de hleger', 0, '2024-04-07 13:00:46', NULL, 9),
(147, 'Tâche terminée n° 10 de hleger', 'Contenu de la tâche terminée n° 10 de hleger', 0, '2024-04-07 13:00:46', NULL, 9),
(148, 'Tâche terminée n° 11 de hleger', 'Contenu de la tâche terminée n° 11 de hleger', 0, '2024-04-07 13:00:46', NULL, 9),
(149, 'Tâche terminée n° 12 de hleger', 'Contenu de la tâche terminée n° 12 de hleger', 0, '2024-04-07 13:00:46', NULL, 9),
(150, 'Tâche n° 1 de leon65', 'Contenu de la tâche n° 1 de leon65', 0, '2024-04-07 13:00:47', NULL, 10),
(151, 'Tâche n° 2 de leon65', 'Contenu de la tâche n° 2 de leon65', 0, '2024-04-07 13:00:47', NULL, 10),
(152, 'Tâche n° 3 de leon65', 'Contenu de la tâche n° 3 de leon65', 0, '2024-04-07 13:00:47', NULL, 10),
(153, 'Tâche n° 4 de leon65', 'Contenu de la tâche n° 4 de leon65', 0, '2024-04-07 13:00:47', NULL, 10),
(154, 'Tâche n° 5 de leon65', 'Contenu de la tâche n° 5 de leon65', 0, '2024-04-07 13:00:47', NULL, 10),
(155, 'Tâche n° 6 de leon65', 'Contenu de la tâche n° 6 de leon65', 0, '2024-04-07 13:00:47', NULL, 10),
(156, 'Tâche n° 7 de leon65', 'Contenu de la tâche n° 7 de leon65', 0, '2024-04-07 13:00:47', NULL, 10),
(157, 'Tâche n° 8 de leon65', 'Contenu de la tâche n° 8 de leon65', 0, '2024-04-07 13:00:47', NULL, 10),
(158, 'Tâche n° 9 de leon65', 'Contenu de la tâche n° 9 de leon65', 0, '2024-04-07 13:00:47', NULL, 10),
(159, 'Tâche n° 10 de leon65', 'Contenu de la tâche n° 10 de leon65', 0, '2024-04-07 13:00:47', NULL, 10),
(160, 'Tâche terminée n° 1 de leon65', 'Contenu de la tâche terminée n° 1 de leon65', 0, '2024-04-07 13:00:47', NULL, 10),
(161, 'Tâche terminée n° 2 de leon65', 'Contenu de la tâche terminée n° 2 de leon65', 0, '2024-04-07 13:00:47', NULL, 10),
(162, 'Tâche terminée n° 3 de leon65', 'Contenu de la tâche terminée n° 3 de leon65', 0, '2024-04-07 13:00:47', NULL, 10),
(163, 'Tâche terminée n° 4 de leon65', 'Contenu de la tâche terminée n° 4 de leon65', 0, '2024-04-07 13:00:47', NULL, 10),
(164, 'Tâche terminée n° 5 de leon65', 'Contenu de la tâche terminée n° 5 de leon65', 0, '2024-04-07 13:00:47', NULL, 10),
(165, 'Tâche terminée n° 6 de leon65', 'Contenu de la tâche terminée n° 6 de leon65', 0, '2024-04-07 13:00:47', NULL, 10),
(166, 'Tâche terminée n° 7 de leon65', 'Contenu de la tâche terminée n° 7 de leon65', 0, '2024-04-07 13:00:47', NULL, 10),
(167, 'Tâche terminée n° 8 de leon65', 'Contenu de la tâche terminée n° 8 de leon65', 0, '2024-04-07 13:00:47', NULL, 10),
(168, 'Tâche terminée n° 9 de leon65', 'Contenu de la tâche terminée n° 9 de leon65', 0, '2024-04-07 13:00:47', NULL, 10),
(169, 'Tâche terminée n° 10 de leon65', 'Contenu de la tâche terminée n° 10 de leon65', 0, '2024-04-07 13:00:47', NULL, 10),
(170, 'Tâche terminée n° 11 de leon65', 'Contenu de la tâche terminée n° 11 de leon65', 0, '2024-04-07 13:00:47', NULL, 10),
(171, 'Tâche terminée n° 12 de leon65', 'Contenu de la tâche terminée n° 12 de leon65', 0, '2024-04-07 13:00:47', NULL, 10),
(172, 'Tâche n° 1 de jules.letellier', 'Contenu de la tâche n° 1 de jules.letellier', 0, '2024-04-07 13:00:47', NULL, 11),
(173, 'Tâche n° 2 de jules.letellier', 'Contenu de la tâche n° 2 de jules.letellier', 0, '2024-04-07 13:00:47', NULL, 11),
(174, 'Tâche n° 3 de jules.letellier', 'Contenu de la tâche n° 3 de jules.letellier', 0, '2024-04-07 13:00:47', NULL, 11),
(175, 'Tâche n° 4 de jules.letellier', 'Contenu de la tâche n° 4 de jules.letellier', 0, '2024-04-07 13:00:47', NULL, 11),
(176, 'Tâche n° 5 de jules.letellier', 'Contenu de la tâche n° 5 de jules.letellier', 0, '2024-04-07 13:00:47', NULL, 11),
(177, 'Tâche n° 6 de jules.letellier', 'Contenu de la tâche n° 6 de jules.letellier', 0, '2024-04-07 13:00:47', NULL, 11),
(178, 'Tâche n° 7 de jules.letellier', 'Contenu de la tâche n° 7 de jules.letellier', 0, '2024-04-07 13:00:47', NULL, 11),
(179, 'Tâche n° 8 de jules.letellier', 'Contenu de la tâche n° 8 de jules.letellier', 0, '2024-04-07 13:00:47', NULL, 11),
(180, 'Tâche n° 9 de jules.letellier', 'Contenu de la tâche n° 9 de jules.letellier', 0, '2024-04-07 13:00:47', NULL, 11),
(181, 'Tâche n° 10 de jules.letellier', 'Contenu de la tâche n° 10 de jules.letellier', 0, '2024-04-07 13:00:47', NULL, 11),
(182, 'Tâche terminée n° 1 de jules.letellier', 'Contenu de la tâche terminée n° 1 de jules.letellier', 0, '2024-04-07 13:00:47', NULL, 11),
(183, 'Tâche terminée n° 2 de jules.letellier', 'Contenu de la tâche terminée n° 2 de jules.letellier', 0, '2024-04-07 13:00:47', NULL, 11),
(184, 'Tâche terminée n° 3 de jules.letellier', 'Contenu de la tâche terminée n° 3 de jules.letellier', 0, '2024-04-07 13:00:47', NULL, 11),
(185, 'Tâche terminée n° 4 de jules.letellier', 'Contenu de la tâche terminée n° 4 de jules.letellier', 0, '2024-04-07 13:00:47', NULL, 11),
(186, 'Tâche terminée n° 5 de jules.letellier', 'Contenu de la tâche terminée n° 5 de jules.letellier', 0, '2024-04-07 13:00:47', NULL, 11),
(187, 'Tâche terminée n° 6 de jules.letellier', 'Contenu de la tâche terminée n° 6 de jules.letellier', 0, '2024-04-07 13:00:47', NULL, 11),
(188, 'Tâche terminée n° 7 de jules.letellier', 'Contenu de la tâche terminée n° 7 de jules.letellier', 0, '2024-04-07 13:00:47', NULL, 11),
(189, 'Tâche terminée n° 8 de jules.letellier', 'Contenu de la tâche terminée n° 8 de jules.letellier', 0, '2024-04-07 13:00:47', NULL, 11),
(190, 'Tâche terminée n° 9 de jules.letellier', 'Contenu de la tâche terminée n° 9 de jules.letellier', 0, '2024-04-07 13:00:47', NULL, 11),
(191, 'Tâche terminée n° 10 de jules.letellier', 'Contenu de la tâche terminée n° 10 de jules.letellier', 0, '2024-04-07 13:00:47', NULL, 11),
(192, 'Tâche terminée n° 11 de jules.letellier', 'Contenu de la tâche terminée n° 11 de jules.letellier', 0, '2024-04-07 13:00:47', NULL, 11),
(193, 'Tâche terminée n° 12 de jules.letellier', 'Contenu de la tâche terminée n° 12 de jules.letellier', 0, '2024-04-07 13:00:47', NULL, 11),
(194, 'Tâche n° 1 de dumont.matthieu', 'Contenu de la tâche n° 1 de dumont.matthieu', 0, '2024-04-07 13:00:48', NULL, 12),
(195, 'Tâche n° 2 de dumont.matthieu', 'Contenu de la tâche n° 2 de dumont.matthieu', 0, '2024-04-07 13:00:48', NULL, 12),
(196, 'Tâche n° 3 de dumont.matthieu', 'Contenu de la tâche n° 3 de dumont.matthieu', 0, '2024-04-07 13:00:48', NULL, 12),
(197, 'Tâche n° 4 de dumont.matthieu', 'Contenu de la tâche n° 4 de dumont.matthieu', 0, '2024-04-07 13:00:48', NULL, 12),
(198, 'Tâche n° 5 de dumont.matthieu', 'Contenu de la tâche n° 5 de dumont.matthieu', 0, '2024-04-07 13:00:48', NULL, 12),
(199, 'Tâche n° 6 de dumont.matthieu', 'Contenu de la tâche n° 6 de dumont.matthieu', 0, '2024-04-07 13:00:48', NULL, 12),
(200, 'Tâche n° 7 de dumont.matthieu', 'Contenu de la tâche n° 7 de dumont.matthieu', 0, '2024-04-07 13:00:48', NULL, 12),
(201, 'Tâche n° 8 de dumont.matthieu', 'Contenu de la tâche n° 8 de dumont.matthieu', 0, '2024-04-07 13:00:48', NULL, 12),
(202, 'Tâche n° 9 de dumont.matthieu', 'Contenu de la tâche n° 9 de dumont.matthieu', 0, '2024-04-07 13:00:48', NULL, 12),
(203, 'Tâche n° 10 de dumont.matthieu', 'Contenu de la tâche n° 10 de dumont.matthieu', 0, '2024-04-07 13:00:48', NULL, 12),
(204, 'Tâche terminée n° 1 de dumont.matthieu', 'Contenu de la tâche terminée n° 1 de dumont.matthieu', 0, '2024-04-07 13:00:48', NULL, 12),
(205, 'Tâche terminée n° 2 de dumont.matthieu', 'Contenu de la tâche terminée n° 2 de dumont.matthieu', 0, '2024-04-07 13:00:48', NULL, 12),
(206, 'Tâche terminée n° 3 de dumont.matthieu', 'Contenu de la tâche terminée n° 3 de dumont.matthieu', 0, '2024-04-07 13:00:48', NULL, 12),
(207, 'Tâche terminée n° 4 de dumont.matthieu', 'Contenu de la tâche terminée n° 4 de dumont.matthieu', 0, '2024-04-07 13:00:48', NULL, 12),
(208, 'Tâche terminée n° 5 de dumont.matthieu', 'Contenu de la tâche terminée n° 5 de dumont.matthieu', 0, '2024-04-07 13:00:48', NULL, 12),
(209, 'Tâche terminée n° 6 de dumont.matthieu', 'Contenu de la tâche terminée n° 6 de dumont.matthieu', 0, '2024-04-07 13:00:48', NULL, 12),
(210, 'Tâche terminée n° 7 de dumont.matthieu', 'Contenu de la tâche terminée n° 7 de dumont.matthieu', 0, '2024-04-07 13:00:48', NULL, 12),
(211, 'Tâche terminée n° 8 de dumont.matthieu', 'Contenu de la tâche terminée n° 8 de dumont.matthieu', 0, '2024-04-07 13:00:48', NULL, 12),
(212, 'Tâche terminée n° 9 de dumont.matthieu', 'Contenu de la tâche terminée n° 9 de dumont.matthieu', 0, '2024-04-07 13:00:48', NULL, 12),
(213, 'Tâche terminée n° 10 de dumont.matthieu', 'Contenu de la tâche terminée n° 10 de dumont.matthieu', 0, '2024-04-07 13:00:48', NULL, 12),
(214, 'Tâche terminée n° 11 de dumont.matthieu', 'Contenu de la tâche terminée n° 11 de dumont.matthieu', 0, '2024-04-07 13:00:48', NULL, 12),
(215, 'Tâche terminée n° 12 de dumont.matthieu', 'Contenu de la tâche terminée n° 12 de dumont.matthieu', 0, '2024-04-07 13:00:48', NULL, 12),
(216, 'Tâche n° 1 de sophie.roux', 'Contenu de la tâche n° 1 de sophie.roux', 0, '2024-04-07 13:00:49', NULL, 13),
(217, 'Tâche n° 2 de sophie.roux', 'Contenu de la tâche n° 2 de sophie.roux', 0, '2024-04-07 13:00:49', NULL, 13),
(218, 'Tâche n° 3 de sophie.roux', 'Contenu de la tâche n° 3 de sophie.roux', 0, '2024-04-07 13:00:49', NULL, 13),
(219, 'Tâche n° 4 de sophie.roux', 'Contenu de la tâche n° 4 de sophie.roux', 0, '2024-04-07 13:00:49', NULL, 13),
(220, 'Tâche n° 5 de sophie.roux', 'Contenu de la tâche n° 5 de sophie.roux', 0, '2024-04-07 13:00:49', NULL, 13),
(221, 'Tâche n° 6 de sophie.roux', 'Contenu de la tâche n° 6 de sophie.roux', 0, '2024-04-07 13:00:49', NULL, 13),
(222, 'Tâche n° 7 de sophie.roux', 'Contenu de la tâche n° 7 de sophie.roux', 0, '2024-04-07 13:00:49', NULL, 13),
(223, 'Tâche n° 8 de sophie.roux', 'Contenu de la tâche n° 8 de sophie.roux', 0, '2024-04-07 13:00:49', NULL, 13),
(224, 'Tâche n° 9 de sophie.roux', 'Contenu de la tâche n° 9 de sophie.roux', 0, '2024-04-07 13:00:49', NULL, 13),
(225, 'Tâche n° 10 de sophie.roux', 'Contenu de la tâche n° 10 de sophie.roux', 0, '2024-04-07 13:00:49', NULL, 13),
(226, 'Tâche terminée n° 1 de sophie.roux', 'Contenu de la tâche terminée n° 1 de sophie.roux', 0, '2024-04-07 13:00:49', NULL, 13),
(227, 'Tâche terminée n° 2 de sophie.roux', 'Contenu de la tâche terminée n° 2 de sophie.roux', 0, '2024-04-07 13:00:49', NULL, 13),
(228, 'Tâche terminée n° 3 de sophie.roux', 'Contenu de la tâche terminée n° 3 de sophie.roux', 0, '2024-04-07 13:00:49', NULL, 13),
(229, 'Tâche terminée n° 4 de sophie.roux', 'Contenu de la tâche terminée n° 4 de sophie.roux', 0, '2024-04-07 13:00:49', NULL, 13),
(230, 'Tâche terminée n° 5 de sophie.roux', 'Contenu de la tâche terminée n° 5 de sophie.roux', 0, '2024-04-07 13:00:49', NULL, 13),
(231, 'Tâche terminée n° 6 de sophie.roux', 'Contenu de la tâche terminée n° 6 de sophie.roux', 0, '2024-04-07 13:00:49', NULL, 13),
(232, 'Tâche terminée n° 7 de sophie.roux', 'Contenu de la tâche terminée n° 7 de sophie.roux', 0, '2024-04-07 13:00:49', NULL, 13),
(233, 'Tâche terminée n° 8 de sophie.roux', 'Contenu de la tâche terminée n° 8 de sophie.roux', 0, '2024-04-07 13:00:49', NULL, 13),
(234, 'Tâche terminée n° 9 de sophie.roux', 'Contenu de la tâche terminée n° 9 de sophie.roux', 0, '2024-04-07 13:00:49', NULL, 13),
(235, 'Tâche terminée n° 10 de sophie.roux', 'Contenu de la tâche terminée n° 10 de sophie.roux', 0, '2024-04-07 13:00:49', NULL, 13),
(236, 'Tâche terminée n° 11 de sophie.roux', 'Contenu de la tâche terminée n° 11 de sophie.roux', 0, '2024-04-07 13:00:49', NULL, 13),
(237, 'Tâche terminée n° 12 de sophie.roux', 'Contenu de la tâche terminée n° 12 de sophie.roux', 0, '2024-04-07 13:00:49', NULL, 13),
(238, 'Tâche n° 1 de paul.denis', 'Contenu de la tâche n° 1 de paul.denis', 0, '2024-04-07 13:00:50', NULL, 14),
(239, 'Tâche n° 2 de paul.denis', 'Contenu de la tâche n° 2 de paul.denis', 0, '2024-04-07 13:00:50', NULL, 14),
(240, 'Tâche n° 3 de paul.denis', 'Contenu de la tâche n° 3 de paul.denis', 0, '2024-04-07 13:00:50', NULL, 14),
(241, 'Tâche n° 4 de paul.denis', 'Contenu de la tâche n° 4 de paul.denis', 0, '2024-04-07 13:00:50', NULL, 14),
(242, 'Tâche n° 5 de paul.denis', 'Contenu de la tâche n° 5 de paul.denis', 0, '2024-04-07 13:00:50', NULL, 14),
(243, 'Tâche n° 6 de paul.denis', 'Contenu de la tâche n° 6 de paul.denis', 0, '2024-04-07 13:00:50', NULL, 14),
(244, 'Tâche n° 7 de paul.denis', 'Contenu de la tâche n° 7 de paul.denis', 0, '2024-04-07 13:00:50', NULL, 14),
(245, 'Tâche n° 8 de paul.denis', 'Contenu de la tâche n° 8 de paul.denis', 0, '2024-04-07 13:00:50', NULL, 14),
(246, 'Tâche n° 9 de paul.denis', 'Contenu de la tâche n° 9 de paul.denis', 0, '2024-04-07 13:00:50', NULL, 14),
(247, 'Tâche n° 10 de paul.denis', 'Contenu de la tâche n° 10 de paul.denis', 0, '2024-04-07 13:00:50', NULL, 14),
(248, 'Tâche terminée n° 1 de paul.denis', 'Contenu de la tâche terminée n° 1 de paul.denis', 0, '2024-04-07 13:00:50', NULL, 14),
(249, 'Tâche terminée n° 2 de paul.denis', 'Contenu de la tâche terminée n° 2 de paul.denis', 0, '2024-04-07 13:00:50', NULL, 14),
(250, 'Tâche terminée n° 3 de paul.denis', 'Contenu de la tâche terminée n° 3 de paul.denis', 0, '2024-04-07 13:00:50', NULL, 14),
(251, 'Tâche terminée n° 4 de paul.denis', 'Contenu de la tâche terminée n° 4 de paul.denis', 0, '2024-04-07 13:00:50', NULL, 14),
(252, 'Tâche terminée n° 5 de paul.denis', 'Contenu de la tâche terminée n° 5 de paul.denis', 0, '2024-04-07 13:00:50', NULL, 14),
(253, 'Tâche terminée n° 6 de paul.denis', 'Contenu de la tâche terminée n° 6 de paul.denis', 0, '2024-04-07 13:00:50', NULL, 14),
(254, 'Tâche terminée n° 7 de paul.denis', 'Contenu de la tâche terminée n° 7 de paul.denis', 0, '2024-04-07 13:00:50', NULL, 14),
(255, 'Tâche terminée n° 8 de paul.denis', 'Contenu de la tâche terminée n° 8 de paul.denis', 0, '2024-04-07 13:00:50', NULL, 14),
(256, 'Tâche terminée n° 9 de paul.denis', 'Contenu de la tâche terminée n° 9 de paul.denis', 0, '2024-04-07 13:00:50', NULL, 14),
(257, 'Tâche terminée n° 10 de paul.denis', 'Contenu de la tâche terminée n° 10 de paul.denis', 0, '2024-04-07 13:00:50', NULL, 14),
(258, 'Tâche terminée n° 11 de paul.denis', 'Contenu de la tâche terminée n° 11 de paul.denis', 0, '2024-04-07 13:00:50', NULL, 14),
(259, 'Tâche terminée n° 12 de paul.denis', 'Contenu de la tâche terminée n° 12 de paul.denis', 0, '2024-04-07 13:00:50', NULL, 14),
(260, 'Tâche n° 1 de zhernandez', 'Contenu de la tâche n° 1 de zhernandez', 0, '2024-04-07 13:00:50', NULL, 15),
(261, 'Tâche n° 2 de zhernandez', 'Contenu de la tâche n° 2 de zhernandez', 0, '2024-04-07 13:00:50', NULL, 15),
(262, 'Tâche n° 3 de zhernandez', 'Contenu de la tâche n° 3 de zhernandez', 0, '2024-04-07 13:00:50', NULL, 15),
(263, 'Tâche n° 4 de zhernandez', 'Contenu de la tâche n° 4 de zhernandez', 0, '2024-04-07 13:00:50', NULL, 15),
(264, 'Tâche n° 5 de zhernandez', 'Contenu de la tâche n° 5 de zhernandez', 0, '2024-04-07 13:00:50', NULL, 15),
(265, 'Tâche n° 6 de zhernandez', 'Contenu de la tâche n° 6 de zhernandez', 0, '2024-04-07 13:00:50', NULL, 15),
(266, 'Tâche n° 7 de zhernandez', 'Contenu de la tâche n° 7 de zhernandez', 0, '2024-04-07 13:00:50', NULL, 15),
(267, 'Tâche n° 8 de zhernandez', 'Contenu de la tâche n° 8 de zhernandez', 0, '2024-04-07 13:00:50', NULL, 15),
(268, 'Tâche n° 9 de zhernandez', 'Contenu de la tâche n° 9 de zhernandez', 0, '2024-04-07 13:00:50', NULL, 15),
(269, 'Tâche n° 10 de zhernandez', 'Contenu de la tâche n° 10 de zhernandez', 0, '2024-04-07 13:00:50', NULL, 15),
(270, 'Tâche terminée n° 1 de zhernandez', 'Contenu de la tâche terminée n° 1 de zhernandez', 0, '2024-04-07 13:00:50', NULL, 15),
(271, 'Tâche terminée n° 2 de zhernandez', 'Contenu de la tâche terminée n° 2 de zhernandez', 0, '2024-04-07 13:00:50', NULL, 15),
(272, 'Tâche terminée n° 3 de zhernandez', 'Contenu de la tâche terminée n° 3 de zhernandez', 0, '2024-04-07 13:00:50', NULL, 15),
(273, 'Tâche terminée n° 4 de zhernandez', 'Contenu de la tâche terminée n° 4 de zhernandez', 0, '2024-04-07 13:00:50', NULL, 15),
(274, 'Tâche terminée n° 5 de zhernandez', 'Contenu de la tâche terminée n° 5 de zhernandez', 0, '2024-04-07 13:00:50', NULL, 15),
(275, 'Tâche terminée n° 6 de zhernandez', 'Contenu de la tâche terminée n° 6 de zhernandez', 0, '2024-04-07 13:00:50', NULL, 15),
(276, 'Tâche terminée n° 7 de zhernandez', 'Contenu de la tâche terminée n° 7 de zhernandez', 0, '2024-04-07 13:00:50', NULL, 15),
(277, 'Tâche terminée n° 8 de zhernandez', 'Contenu de la tâche terminée n° 8 de zhernandez', 0, '2024-04-07 13:00:50', NULL, 15),
(278, 'Tâche terminée n° 9 de zhernandez', 'Contenu de la tâche terminée n° 9 de zhernandez', 0, '2024-04-07 13:00:50', NULL, 15),
(279, 'Tâche terminée n° 10 de zhernandez', 'Contenu de la tâche terminée n° 10 de zhernandez', 0, '2024-04-07 13:00:50', NULL, 15),
(280, 'Tâche terminée n° 11 de zhernandez', 'Contenu de la tâche terminée n° 11 de zhernandez', 0, '2024-04-07 13:00:50', NULL, 15),
(281, 'Tâche terminée n° 12 de zhernandez', 'Contenu de la tâche terminée n° 12 de zhernandez', 0, '2024-04-07 13:00:50', NULL, 15),
(282, 'Tâche n° 1 de victoire.alexandre', 'Contenu de la tâche n° 1 de victoire.alexandre', 0, '2024-04-07 13:00:51', NULL, 16),
(283, 'Tâche n° 2 de victoire.alexandre', 'Contenu de la tâche n° 2 de victoire.alexandre', 0, '2024-04-07 13:00:51', NULL, 16),
(284, 'Tâche n° 3 de victoire.alexandre', 'Contenu de la tâche n° 3 de victoire.alexandre', 0, '2024-04-07 13:00:51', NULL, 16),
(285, 'Tâche n° 4 de victoire.alexandre', 'Contenu de la tâche n° 4 de victoire.alexandre', 0, '2024-04-07 13:00:51', NULL, 16),
(286, 'Tâche n° 5 de victoire.alexandre', 'Contenu de la tâche n° 5 de victoire.alexandre', 0, '2024-04-07 13:00:51', NULL, 16),
(287, 'Tâche n° 6 de victoire.alexandre', 'Contenu de la tâche n° 6 de victoire.alexandre', 0, '2024-04-07 13:00:51', NULL, 16),
(288, 'Tâche n° 7 de victoire.alexandre', 'Contenu de la tâche n° 7 de victoire.alexandre', 0, '2024-04-07 13:00:51', NULL, 16),
(289, 'Tâche n° 8 de victoire.alexandre', 'Contenu de la tâche n° 8 de victoire.alexandre', 0, '2024-04-07 13:00:51', NULL, 16),
(290, 'Tâche n° 9 de victoire.alexandre', 'Contenu de la tâche n° 9 de victoire.alexandre', 0, '2024-04-07 13:00:51', NULL, 16),
(291, 'Tâche n° 10 de victoire.alexandre', 'Contenu de la tâche n° 10 de victoire.alexandre', 0, '2024-04-07 13:00:51', NULL, 16),
(292, 'Tâche terminée n° 1 de victoire.alexandre', 'Contenu de la tâche terminée n° 1 de victoire.alexandre', 0, '2024-04-07 13:00:51', NULL, 16),
(293, 'Tâche terminée n° 2 de victoire.alexandre', 'Contenu de la tâche terminée n° 2 de victoire.alexandre', 0, '2024-04-07 13:00:51', NULL, 16),
(294, 'Tâche terminée n° 3 de victoire.alexandre', 'Contenu de la tâche terminée n° 3 de victoire.alexandre', 0, '2024-04-07 13:00:51', NULL, 16),
(295, 'Tâche terminée n° 4 de victoire.alexandre', 'Contenu de la tâche terminée n° 4 de victoire.alexandre', 0, '2024-04-07 13:00:51', NULL, 16),
(296, 'Tâche terminée n° 5 de victoire.alexandre', 'Contenu de la tâche terminée n° 5 de victoire.alexandre', 0, '2024-04-07 13:00:51', NULL, 16),
(297, 'Tâche terminée n° 6 de victoire.alexandre', 'Contenu de la tâche terminée n° 6 de victoire.alexandre', 0, '2024-04-07 13:00:51', NULL, 16),
(298, 'Tâche terminée n° 7 de victoire.alexandre', 'Contenu de la tâche terminée n° 7 de victoire.alexandre', 0, '2024-04-07 13:00:51', NULL, 16),
(299, 'Tâche terminée n° 8 de victoire.alexandre', 'Contenu de la tâche terminée n° 8 de victoire.alexandre', 0, '2024-04-07 13:00:51', NULL, 16),
(300, 'Tâche terminée n° 9 de victoire.alexandre', 'Contenu de la tâche terminée n° 9 de victoire.alexandre', 0, '2024-04-07 13:00:51', NULL, 16),
(301, 'Tâche terminée n° 10 de victoire.alexandre', 'Contenu de la tâche terminée n° 10 de victoire.alexandre', 0, '2024-04-07 13:00:51', NULL, 16),
(302, 'Tâche terminée n° 11 de victoire.alexandre', 'Contenu de la tâche terminée n° 11 de victoire.alexandre', 0, '2024-04-07 13:00:51', NULL, 16),
(303, 'Tâche terminée n° 12 de victoire.alexandre', 'Contenu de la tâche terminée n° 12 de victoire.alexandre', 0, '2024-04-07 13:00:51', NULL, 16),
(304, 'Tâche n° 1 de jean.aime', 'Contenu de la tâche n° 1 de jean.aime', 0, '2024-04-07 13:00:52', NULL, 17),
(305, 'Tâche n° 2 de jean.aime', 'Contenu de la tâche n° 2 de jean.aime', 0, '2024-04-07 13:00:52', NULL, 17),
(306, 'Tâche n° 3 de jean.aime', 'Contenu de la tâche n° 3 de jean.aime', 0, '2024-04-07 13:00:52', NULL, 17),
(307, 'Tâche n° 4 de jean.aime', 'Contenu de la tâche n° 4 de jean.aime', 0, '2024-04-07 13:00:52', NULL, 17),
(308, 'Tâche n° 5 de jean.aime', 'Contenu de la tâche n° 5 de jean.aime', 0, '2024-04-07 13:00:52', NULL, 17),
(309, 'Tâche n° 6 de jean.aime', 'Contenu de la tâche n° 6 de jean.aime', 0, '2024-04-07 13:00:52', NULL, 17),
(310, 'Tâche n° 7 de jean.aime', 'Contenu de la tâche n° 7 de jean.aime', 0, '2024-04-07 13:00:52', NULL, 17),
(311, 'Tâche n° 8 de jean.aime', 'Contenu de la tâche n° 8 de jean.aime', 0, '2024-04-07 13:00:52', NULL, 17),
(312, 'Tâche n° 9 de jean.aime', 'Contenu de la tâche n° 9 de jean.aime', 0, '2024-04-07 13:00:52', NULL, 17),
(313, 'Tâche n° 10 de jean.aime', 'Contenu de la tâche n° 10 de jean.aime', 0, '2024-04-07 13:00:52', NULL, 17),
(314, 'Tâche terminée n° 1 de jean.aime', 'Contenu de la tâche terminée n° 1 de jean.aime', 0, '2024-04-07 13:00:52', NULL, 17),
(315, 'Tâche terminée n° 2 de jean.aime', 'Contenu de la tâche terminée n° 2 de jean.aime', 0, '2024-04-07 13:00:52', NULL, 17),
(316, 'Tâche terminée n° 3 de jean.aime', 'Contenu de la tâche terminée n° 3 de jean.aime', 0, '2024-04-07 13:00:52', NULL, 17),
(317, 'Tâche terminée n° 4 de jean.aime', 'Contenu de la tâche terminée n° 4 de jean.aime', 0, '2024-04-07 13:00:52', NULL, 17),
(318, 'Tâche terminée n° 5 de jean.aime', 'Contenu de la tâche terminée n° 5 de jean.aime', 0, '2024-04-07 13:00:52', NULL, 17),
(319, 'Tâche terminée n° 6 de jean.aime', 'Contenu de la tâche terminée n° 6 de jean.aime', 0, '2024-04-07 13:00:52', NULL, 17),
(320, 'Tâche terminée n° 7 de jean.aime', 'Contenu de la tâche terminée n° 7 de jean.aime', 0, '2024-04-07 13:00:52', NULL, 17),
(321, 'Tâche terminée n° 8 de jean.aime', 'Contenu de la tâche terminée n° 8 de jean.aime', 0, '2024-04-07 13:00:52', NULL, 17),
(322, 'Tâche terminée n° 9 de jean.aime', 'Contenu de la tâche terminée n° 9 de jean.aime', 0, '2024-04-07 13:00:52', NULL, 17),
(323, 'Tâche terminée n° 10 de jean.aime', 'Contenu de la tâche terminée n° 10 de jean.aime', 0, '2024-04-07 13:00:52', NULL, 17),
(324, 'Tâche terminée n° 11 de jean.aime', 'Contenu de la tâche terminée n° 11 de jean.aime', 0, '2024-04-07 13:00:52', NULL, 17),
(325, 'Tâche terminée n° 12 de jean.aime', 'Contenu de la tâche terminée n° 12 de jean.aime', 0, '2024-04-07 13:00:52', NULL, 17),
(326, 'Tâche n° 1 de catherine35', 'Contenu de la tâche n° 1 de catherine35', 0, '2024-04-07 13:00:53', NULL, 18),
(327, 'Tâche n° 2 de catherine35', 'Contenu de la tâche n° 2 de catherine35', 0, '2024-04-07 13:00:53', NULL, 18),
(328, 'Tâche n° 3 de catherine35', 'Contenu de la tâche n° 3 de catherine35', 0, '2024-04-07 13:00:53', NULL, 18),
(329, 'Tâche n° 4 de catherine35', 'Contenu de la tâche n° 4 de catherine35', 0, '2024-04-07 13:00:53', NULL, 18),
(330, 'Tâche n° 5 de catherine35', 'Contenu de la tâche n° 5 de catherine35', 0, '2024-04-07 13:00:53', NULL, 18),
(331, 'Tâche n° 6 de catherine35', 'Contenu de la tâche n° 6 de catherine35', 0, '2024-04-07 13:00:53', NULL, 18),
(332, 'Tâche n° 7 de catherine35', 'Contenu de la tâche n° 7 de catherine35', 0, '2024-04-07 13:00:53', NULL, 18),
(333, 'Tâche n° 8 de catherine35', 'Contenu de la tâche n° 8 de catherine35', 0, '2024-04-07 13:00:53', NULL, 18),
(334, 'Tâche n° 9 de catherine35', 'Contenu de la tâche n° 9 de catherine35', 0, '2024-04-07 13:00:53', NULL, 18),
(335, 'Tâche n° 10 de catherine35', 'Contenu de la tâche n° 10 de catherine35', 0, '2024-04-07 13:00:53', NULL, 18),
(336, 'Tâche terminée n° 1 de catherine35', 'Contenu de la tâche terminée n° 1 de catherine35', 0, '2024-04-07 13:00:53', NULL, 18),
(337, 'Tâche terminée n° 2 de catherine35', 'Contenu de la tâche terminée n° 2 de catherine35', 0, '2024-04-07 13:00:53', NULL, 18),
(338, 'Tâche terminée n° 3 de catherine35', 'Contenu de la tâche terminée n° 3 de catherine35', 0, '2024-04-07 13:00:53', NULL, 18),
(339, 'Tâche terminée n° 4 de catherine35', 'Contenu de la tâche terminée n° 4 de catherine35', 0, '2024-04-07 13:00:53', NULL, 18),
(340, 'Tâche terminée n° 5 de catherine35', 'Contenu de la tâche terminée n° 5 de catherine35', 0, '2024-04-07 13:00:53', NULL, 18),
(341, 'Tâche terminée n° 6 de catherine35', 'Contenu de la tâche terminée n° 6 de catherine35', 0, '2024-04-07 13:00:53', NULL, 18),
(342, 'Tâche terminée n° 7 de catherine35', 'Contenu de la tâche terminée n° 7 de catherine35', 0, '2024-04-07 13:00:53', NULL, 18),
(343, 'Tâche terminée n° 8 de catherine35', 'Contenu de la tâche terminée n° 8 de catherine35', 0, '2024-04-07 13:00:53', NULL, 18),
(344, 'Tâche terminée n° 9 de catherine35', 'Contenu de la tâche terminée n° 9 de catherine35', 0, '2024-04-07 13:00:53', NULL, 18),
(345, 'Tâche terminée n° 10 de catherine35', 'Contenu de la tâche terminée n° 10 de catherine35', 0, '2024-04-07 13:00:53', NULL, 18),
(346, 'Tâche terminée n° 11 de catherine35', 'Contenu de la tâche terminée n° 11 de catherine35', 0, '2024-04-07 13:00:53', NULL, 18),
(347, 'Tâche terminée n° 12 de catherine35', 'Contenu de la tâche terminée n° 12 de catherine35', 0, '2024-04-07 13:00:53', NULL, 18),
(348, 'Tâche n° 1 de laine.patricia', 'Contenu de la tâche n° 1 de laine.patricia', 0, '2024-04-07 13:00:53', NULL, 19),
(349, 'Tâche n° 2 de laine.patricia', 'Contenu de la tâche n° 2 de laine.patricia', 0, '2024-04-07 13:00:53', NULL, 19),
(350, 'Tâche n° 3 de laine.patricia', 'Contenu de la tâche n° 3 de laine.patricia', 0, '2024-04-07 13:00:53', NULL, 19),
(351, 'Tâche n° 4 de laine.patricia', 'Contenu de la tâche n° 4 de laine.patricia', 0, '2024-04-07 13:00:53', NULL, 19),
(352, 'Tâche n° 5 de laine.patricia', 'Contenu de la tâche n° 5 de laine.patricia', 0, '2024-04-07 13:00:53', NULL, 19),
(353, 'Tâche n° 6 de laine.patricia', 'Contenu de la tâche n° 6 de laine.patricia', 0, '2024-04-07 13:00:53', NULL, 19),
(354, 'Tâche n° 7 de laine.patricia', 'Contenu de la tâche n° 7 de laine.patricia', 0, '2024-04-07 13:00:53', NULL, 19),
(355, 'Tâche n° 8 de laine.patricia', 'Contenu de la tâche n° 8 de laine.patricia', 0, '2024-04-07 13:00:53', NULL, 19),
(356, 'Tâche n° 9 de laine.patricia', 'Contenu de la tâche n° 9 de laine.patricia', 0, '2024-04-07 13:00:53', NULL, 19),
(357, 'Tâche n° 10 de laine.patricia', 'Contenu de la tâche n° 10 de laine.patricia', 0, '2024-04-07 13:00:53', NULL, 19),
(358, 'Tâche terminée n° 1 de laine.patricia', 'Contenu de la tâche terminée n° 1 de laine.patricia', 0, '2024-04-07 13:00:53', NULL, 19),
(359, 'Tâche terminée n° 2 de laine.patricia', 'Contenu de la tâche terminée n° 2 de laine.patricia', 0, '2024-04-07 13:00:53', NULL, 19),
(360, 'Tâche terminée n° 3 de laine.patricia', 'Contenu de la tâche terminée n° 3 de laine.patricia', 0, '2024-04-07 13:00:53', NULL, 19),
(361, 'Tâche terminée n° 4 de laine.patricia', 'Contenu de la tâche terminée n° 4 de laine.patricia', 0, '2024-04-07 13:00:53', NULL, 19),
(362, 'Tâche terminée n° 5 de laine.patricia', 'Contenu de la tâche terminée n° 5 de laine.patricia', 0, '2024-04-07 13:00:53', NULL, 19),
(363, 'Tâche terminée n° 6 de laine.patricia', 'Contenu de la tâche terminée n° 6 de laine.patricia', 0, '2024-04-07 13:00:53', NULL, 19),
(364, 'Tâche terminée n° 7 de laine.patricia', 'Contenu de la tâche terminée n° 7 de laine.patricia', 0, '2024-04-07 13:00:53', NULL, 19),
(365, 'Tâche terminée n° 8 de laine.patricia', 'Contenu de la tâche terminée n° 8 de laine.patricia', 0, '2024-04-07 13:00:53', NULL, 19),
(366, 'Tâche terminée n° 9 de laine.patricia', 'Contenu de la tâche terminée n° 9 de laine.patricia', 0, '2024-04-07 13:00:53', NULL, 19),
(367, 'Tâche terminée n° 10 de laine.patricia', 'Contenu de la tâche terminée n° 10 de laine.patricia', 0, '2024-04-07 13:00:53', NULL, 19),
(368, 'Tâche terminée n° 11 de laine.patricia', 'Contenu de la tâche terminée n° 11 de laine.patricia', 0, '2024-04-07 13:00:53', NULL, 19),
(369, 'Tâche terminée n° 12 de laine.patricia', 'Contenu de la tâche terminée n° 12 de laine.patricia', 0, '2024-04-07 13:00:53', NULL, 19),
(370, 'Tâche n° 1 de arnaude87', 'Contenu de la tâche n° 1 de arnaude87', 0, '2024-04-07 13:00:54', NULL, 20),
(371, 'Tâche n° 2 de arnaude87', 'Contenu de la tâche n° 2 de arnaude87', 0, '2024-04-07 13:00:54', NULL, 20),
(372, 'Tâche n° 3 de arnaude87', 'Contenu de la tâche n° 3 de arnaude87', 0, '2024-04-07 13:00:54', NULL, 20),
(373, 'Tâche n° 4 de arnaude87', 'Contenu de la tâche n° 4 de arnaude87', 0, '2024-04-07 13:00:54', NULL, 20),
(374, 'Tâche n° 5 de arnaude87', 'Contenu de la tâche n° 5 de arnaude87', 0, '2024-04-07 13:00:54', NULL, 20),
(375, 'Tâche n° 6 de arnaude87', 'Contenu de la tâche n° 6 de arnaude87', 0, '2024-04-07 13:00:54', NULL, 20),
(376, 'Tâche n° 7 de arnaude87', 'Contenu de la tâche n° 7 de arnaude87', 0, '2024-04-07 13:00:54', NULL, 20),
(377, 'Tâche n° 8 de arnaude87', 'Contenu de la tâche n° 8 de arnaude87', 0, '2024-04-07 13:00:54', NULL, 20),
(378, 'Tâche n° 9 de arnaude87', 'Contenu de la tâche n° 9 de arnaude87', 0, '2024-04-07 13:00:54', NULL, 20),
(379, 'Tâche n° 10 de arnaude87', 'Contenu de la tâche n° 10 de arnaude87', 0, '2024-04-07 13:00:54', NULL, 20),
(380, 'Tâche terminée n° 1 de arnaude87', 'Contenu de la tâche terminée n° 1 de arnaude87', 0, '2024-04-07 13:00:54', NULL, 20),
(381, 'Tâche terminée n° 2 de arnaude87', 'Contenu de la tâche terminée n° 2 de arnaude87', 0, '2024-04-07 13:00:54', NULL, 20),
(382, 'Tâche terminée n° 3 de arnaude87', 'Contenu de la tâche terminée n° 3 de arnaude87', 0, '2024-04-07 13:00:54', NULL, 20),
(383, 'Tâche terminée n° 4 de arnaude87', 'Contenu de la tâche terminée n° 4 de arnaude87', 0, '2024-04-07 13:00:54', NULL, 20),
(384, 'Tâche terminée n° 5 de arnaude87', 'Contenu de la tâche terminée n° 5 de arnaude87', 0, '2024-04-07 13:00:54', NULL, 20),
(385, 'Tâche terminée n° 6 de arnaude87', 'Contenu de la tâche terminée n° 6 de arnaude87', 0, '2024-04-07 13:00:54', NULL, 20),
(386, 'Tâche terminée n° 7 de arnaude87', 'Contenu de la tâche terminée n° 7 de arnaude87', 0, '2024-04-07 13:00:54', NULL, 20),
(387, 'Tâche terminée n° 8 de arnaude87', 'Contenu de la tâche terminée n° 8 de arnaude87', 0, '2024-04-07 13:00:54', NULL, 20),
(388, 'Tâche terminée n° 9 de arnaude87', 'Contenu de la tâche terminée n° 9 de arnaude87', 0, '2024-04-07 13:00:54', NULL, 20),
(389, 'Tâche terminée n° 10 de arnaude87', 'Contenu de la tâche terminée n° 10 de arnaude87', 0, '2024-04-07 13:00:54', NULL, 20),
(390, 'Tâche terminée n° 11 de arnaude87', 'Contenu de la tâche terminée n° 11 de arnaude87', 0, '2024-04-07 13:00:54', NULL, 20),
(391, 'Tâche terminée n° 12 de arnaude87', 'Contenu de la tâche terminée n° 12 de arnaude87', 0, '2024-04-07 13:00:54', NULL, 20),
(392, 'Tâche n° 1 de genevieve.louis', 'Contenu de la tâche n° 1 de genevieve.louis', 0, '2024-04-07 13:00:55', NULL, 21),
(393, 'Tâche n° 2 de genevieve.louis', 'Contenu de la tâche n° 2 de genevieve.louis', 0, '2024-04-07 13:00:55', NULL, 21),
(394, 'Tâche n° 3 de genevieve.louis', 'Contenu de la tâche n° 3 de genevieve.louis', 0, '2024-04-07 13:00:55', NULL, 21),
(395, 'Tâche n° 4 de genevieve.louis', 'Contenu de la tâche n° 4 de genevieve.louis', 0, '2024-04-07 13:00:55', NULL, 21),
(396, 'Tâche n° 5 de genevieve.louis', 'Contenu de la tâche n° 5 de genevieve.louis', 0, '2024-04-07 13:00:55', NULL, 21),
(397, 'Tâche n° 6 de genevieve.louis', 'Contenu de la tâche n° 6 de genevieve.louis', 0, '2024-04-07 13:00:55', NULL, 21),
(398, 'Tâche n° 7 de genevieve.louis', 'Contenu de la tâche n° 7 de genevieve.louis', 0, '2024-04-07 13:00:55', NULL, 21),
(399, 'Tâche n° 8 de genevieve.louis', 'Contenu de la tâche n° 8 de genevieve.louis', 0, '2024-04-07 13:00:55', NULL, 21),
(400, 'Tâche n° 9 de genevieve.louis', 'Contenu de la tâche n° 9 de genevieve.louis', 0, '2024-04-07 13:00:55', NULL, 21),
(401, 'Tâche n° 10 de genevieve.louis', 'Contenu de la tâche n° 10 de genevieve.louis', 0, '2024-04-07 13:00:55', NULL, 21),
(402, 'Tâche terminée n° 1 de genevieve.louis', 'Contenu de la tâche terminée n° 1 de genevieve.louis', 0, '2024-04-07 13:00:55', NULL, 21),
(403, 'Tâche terminée n° 2 de genevieve.louis', 'Contenu de la tâche terminée n° 2 de genevieve.louis', 0, '2024-04-07 13:00:55', NULL, 21),
(404, 'Tâche terminée n° 3 de genevieve.louis', 'Contenu de la tâche terminée n° 3 de genevieve.louis', 0, '2024-04-07 13:00:55', NULL, 21),
(405, 'Tâche terminée n° 4 de genevieve.louis', 'Contenu de la tâche terminée n° 4 de genevieve.louis', 0, '2024-04-07 13:00:55', NULL, 21),
(406, 'Tâche terminée n° 5 de genevieve.louis', 'Contenu de la tâche terminée n° 5 de genevieve.louis', 0, '2024-04-07 13:00:55', NULL, 21),
(407, 'Tâche terminée n° 6 de genevieve.louis', 'Contenu de la tâche terminée n° 6 de genevieve.louis', 0, '2024-04-07 13:00:55', NULL, 21),
(408, 'Tâche terminée n° 7 de genevieve.louis', 'Contenu de la tâche terminée n° 7 de genevieve.louis', 0, '2024-04-07 13:00:55', NULL, 21),
(409, 'Tâche terminée n° 8 de genevieve.louis', 'Contenu de la tâche terminée n° 8 de genevieve.louis', 0, '2024-04-07 13:00:55', NULL, 21),
(410, 'Tâche terminée n° 9 de genevieve.louis', 'Contenu de la tâche terminée n° 9 de genevieve.louis', 0, '2024-04-07 13:00:55', NULL, 21),
(411, 'Tâche terminée n° 10 de genevieve.louis', 'Contenu de la tâche terminée n° 10 de genevieve.louis', 0, '2024-04-07 13:00:55', NULL, 21),
(412, 'Tâche terminée n° 11 de genevieve.louis', 'Contenu de la tâche terminée n° 11 de genevieve.louis', 0, '2024-04-07 13:00:55', NULL, 21),
(413, 'Tâche terminée n° 12 de genevieve.louis', 'Contenu de la tâche terminée n° 12 de genevieve.louis', 0, '2024-04-07 13:00:55', NULL, 21),
(414, 'Tâche n° 1 de marthe.lecoq', 'Contenu de la tâche n° 1 de marthe.lecoq', 0, '2024-04-07 13:00:55', NULL, 22);
INSERT INTO `task` (`id`, `title`, `content`, `is_done`, `created_at`, `updated_at`, `user_id`) VALUES
(415, 'Tâche n° 2 de marthe.lecoq', 'Contenu de la tâche n° 2 de marthe.lecoq', 0, '2024-04-07 13:00:55', NULL, 22),
(416, 'Tâche n° 3 de marthe.lecoq', 'Contenu de la tâche n° 3 de marthe.lecoq', 0, '2024-04-07 13:00:55', NULL, 22),
(417, 'Tâche n° 4 de marthe.lecoq', 'Contenu de la tâche n° 4 de marthe.lecoq', 0, '2024-04-07 13:00:55', NULL, 22),
(418, 'Tâche n° 5 de marthe.lecoq', 'Contenu de la tâche n° 5 de marthe.lecoq', 0, '2024-04-07 13:00:55', NULL, 22),
(419, 'Tâche n° 6 de marthe.lecoq', 'Contenu de la tâche n° 6 de marthe.lecoq', 0, '2024-04-07 13:00:55', NULL, 22),
(420, 'Tâche n° 7 de marthe.lecoq', 'Contenu de la tâche n° 7 de marthe.lecoq', 0, '2024-04-07 13:00:55', NULL, 22),
(421, 'Tâche n° 8 de marthe.lecoq', 'Contenu de la tâche n° 8 de marthe.lecoq', 0, '2024-04-07 13:00:55', NULL, 22),
(422, 'Tâche n° 9 de marthe.lecoq', 'Contenu de la tâche n° 9 de marthe.lecoq', 0, '2024-04-07 13:00:55', NULL, 22),
(423, 'Tâche n° 10 de marthe.lecoq', 'Contenu de la tâche n° 10 de marthe.lecoq', 0, '2024-04-07 13:00:55', NULL, 22),
(424, 'Tâche terminée n° 1 de marthe.lecoq', 'Contenu de la tâche terminée n° 1 de marthe.lecoq', 0, '2024-04-07 13:00:55', NULL, 22),
(425, 'Tâche terminée n° 2 de marthe.lecoq', 'Contenu de la tâche terminée n° 2 de marthe.lecoq', 0, '2024-04-07 13:00:55', NULL, 22),
(426, 'Tâche terminée n° 3 de marthe.lecoq', 'Contenu de la tâche terminée n° 3 de marthe.lecoq', 0, '2024-04-07 13:00:55', NULL, 22),
(427, 'Tâche terminée n° 4 de marthe.lecoq', 'Contenu de la tâche terminée n° 4 de marthe.lecoq', 0, '2024-04-07 13:00:55', NULL, 22),
(428, 'Tâche terminée n° 5 de marthe.lecoq', 'Contenu de la tâche terminée n° 5 de marthe.lecoq', 0, '2024-04-07 13:00:55', NULL, 22),
(429, 'Tâche terminée n° 6 de marthe.lecoq', 'Contenu de la tâche terminée n° 6 de marthe.lecoq', 0, '2024-04-07 13:00:55', NULL, 22),
(430, 'Tâche terminée n° 7 de marthe.lecoq', 'Contenu de la tâche terminée n° 7 de marthe.lecoq', 0, '2024-04-07 13:00:55', NULL, 22),
(431, 'Tâche terminée n° 8 de marthe.lecoq', 'Contenu de la tâche terminée n° 8 de marthe.lecoq', 0, '2024-04-07 13:00:55', NULL, 22),
(432, 'Tâche terminée n° 9 de marthe.lecoq', 'Contenu de la tâche terminée n° 9 de marthe.lecoq', 0, '2024-04-07 13:00:55', NULL, 22),
(433, 'Tâche terminée n° 10 de marthe.lecoq', 'Contenu de la tâche terminée n° 10 de marthe.lecoq', 0, '2024-04-07 13:00:55', NULL, 22),
(434, 'Tâche terminée n° 11 de marthe.lecoq', 'Contenu de la tâche terminée n° 11 de marthe.lecoq', 0, '2024-04-07 13:00:55', NULL, 22),
(435, 'Tâche terminée n° 12 de marthe.lecoq', 'Contenu de la tâche terminée n° 12 de marthe.lecoq', 0, '2024-04-07 13:00:55', NULL, 22);

-- --------------------------------------------------------

--
-- Structure de la table `user`
--

CREATE TABLE `user` (
  `id` int(11) NOT NULL,
  `username` varchar(180) NOT NULL,
  `roles` longtext CHARACTER SET utf8mb4 COLLATE utf8mb4_bin NOT NULL COMMENT '(DC2Type:json)' CHECK (json_valid(`roles`)),
  `password` varchar(255) NOT NULL,
  `email` varchar(180) NOT NULL,
  `created_at` datetime NOT NULL COMMENT '(DC2Type:datetime_immutable)',
  `updated_at` datetime DEFAULT NULL COMMENT '(DC2Type:datetime_immutable)'
) ENGINE=InnoDB DEFAULT CHARSET=utf8mb4 COLLATE=utf8mb4_unicode_ci;

--
-- Déchargement des données de la table `user`
--

INSERT INTO `user` (`id`, `username`, `roles`, `password`, `email`, `created_at`, `updated_at`) VALUES
(1, 'laura', '[\"ROLE_ADMIN\"]', '$2y$13$pky3wAD2opSJ9QeIS5rjCucIm5GknUO1344ctO.VocxyJ5ndeLDAO', 'laura@todolist.fr', '2024-04-07 13:00:40', NULL),
(2, 'anonymous', '[\"ROLE_ANONYMOUS\"]', '$2y$13$6uCbwjNfk9PWzo32YqGeY.V9iw5YJjhPMZqH6fGN2U6Z7ucgM0JMy', 'anonymous@todolist.fr', '2024-04-07 13:00:40', NULL),
(3, 'paul', '[\"ROLE_USER\"]', '$2y$13$riSEdimB9xk6vQGNHt2OFuYHCX9yps2iV9amkbANj6TitYK1UuiSe', 'paul@todolist.fr', '2024-04-07 13:00:41', NULL),
(4, 'pauline', '[\"ROLE_USER\"]', '$2y$13$iVmQbQZpIGcPMPM000FDrerrNp.ztylI87AdPJkpeB5ok8eC5x0Hq', 'pauline@todolist.fr', '2024-04-07 13:00:42', NULL),
(5, 'qraynaud', '[\"ROLE_USER\"]', '$2y$13$thd6PIngXDBl0.yd4556m.jRubqVrBNrg56JBDBTYlyqbEKzhEWXu', 'qraynaud@todolist.fr', '2024-04-07 13:00:42', NULL),
(6, 'rrey', '[\"ROLE_USER\"]', '$2y$13$U9kVFpVAPzuljkFWjgdZ1ODkAaxHqIwSw2u26Y7jWKWAatA5J5rNa', 'rrey@todolist.fr', '2024-04-07 13:00:43', NULL),
(7, 'patrick42', '[\"ROLE_USER\"]', '$2y$13$fw96KjDMTugRK.hFdwTBU.YafZhjgBjFK3pH57Qej/BqwEmky40Sa', 'patrick42@todolist.fr', '2024-04-07 13:00:44', NULL),
(8, 'mchevalier', '[\"ROLE_USER\"]', '$2y$13$bbljVfrcJltlKhLecnYZlO6a11UmyqqYwTkk/oege01cFyue0gucu', 'mchevalier@todolist.fr', '2024-04-07 13:00:44', NULL),
(9, 'hleger', '[\"ROLE_USER\"]', '$2y$13$aNNRtESNedC3qMGwUgqIee7d6rkbSJDbeKeGsn2yaPr4nILQelwCi', 'hleger@todolist.fr', '2024-04-07 13:00:45', NULL),
(10, 'leon65', '[\"ROLE_USER\"]', '$2y$13$z6KeG0QSnAtr80NB8FfBOuZmIWoTDoDqvArQEDq6IB4PHk8yuBarW', 'leon65@todolist.fr', '2024-04-07 13:00:46', NULL),
(11, 'jules.letellier', '[\"ROLE_USER\"]', '$2y$13$ig.9sJgmjkEqjHvgiFdc7eGEXoE9KUU5nhgHCDZkX6AwlfD5YlpXa', 'jules.letellier@todolist.fr', '2024-04-07 13:00:47', NULL),
(12, 'dumont.matthieu', '[\"ROLE_USER\"]', '$2y$13$ya75JjhhDUVdrsWhkiLos.Aa0LNbqhPkT8nP0z96CYnVqM4BekE6.', 'dumont.matthieu@todolist.fr', '2024-04-07 13:00:47', NULL),
(13, 'sophie.roux', '[\"ROLE_USER\"]', '$2y$13$nSgOYlcgrXlhTrXEWgJel.kHwSWh.i6reiYk6geKnYovmt30u1NTG', 'sophie.roux@todolist.fr', '2024-04-07 13:00:48', NULL),
(14, 'paul.denis', '[\"ROLE_USER\"]', '$2y$13$4X.8iQ8.Y/WYDFo/VheCcOKM/JXFSYUktjyyf9lVgxIugj.2pCL8e', 'paul.denis@todolist.fr', '2024-04-07 13:00:49', NULL),
(15, 'zhernandez', '[\"ROLE_USER\"]', '$2y$13$9MrFEiZtL225g39GTeUEbuOvM3otS8iUJzl0jW.wvM4WGI65HZMN.', 'zhernandez@todolist.fr', '2024-04-07 13:00:50', NULL),
(16, 'victoire.alexandre', '[\"ROLE_USER\"]', '$2y$13$/jFDZZh0iH3B97DOfGFA/.8tE2hzmTsSoO88Dk95ky24RWRMu.ebK', 'victoire.alexandre@todolist.fr', '2024-04-07 13:00:50', NULL),
(17, 'jean.aime', '[\"ROLE_USER\"]', '$2y$13$J7GvUwGsYAELBxCvSipQ/OtqgaqeA2IXBTzWn89Slh8xkRlVl6F8C', 'jean.aime@todolist.fr', '2024-04-07 13:00:51', NULL),
(18, 'catherine35', '[\"ROLE_USER\"]', '$2y$13$G6kwud173PJDnELQSXPpduvb3qmwtn06ZnkYG9DVpyNAsBuglN/Xy', 'catherine35@todolist.fr', '2024-04-07 13:00:52', NULL),
(19, 'laine.patricia', '[\"ROLE_USER\"]', '$2y$13$H2HLgN7Szo0BQ.6a513dWu/bEPK7QIv39NraytJHhJqNPZt2kSNgO', 'laine.patricia@todolist.fr', '2024-04-07 13:00:53', NULL),
(20, 'arnaude87', '[\"ROLE_USER\"]', '$2y$13$z6kJVHpwOoG9HudFfjI99OHa6i4D6FwVxmPdUCMQ6TVflfO/FoJO6', 'arnaude87@todolist.fr', '2024-04-07 13:00:53', NULL),
(21, 'genevieve.louis', '[\"ROLE_USER\"]', '$2y$13$3QhvwXbM4AHPNrqg2fZ1XesGMZicYbKTR2eJaCZ4W35UAqrHbJ8mW', 'genevieve.louis@todolist.fr', '2024-04-07 13:00:54', NULL),
(22, 'marthe.lecoq', '[\"ROLE_USER\"]', '$2y$13$L.ebYcR0M4gXRMB4x6Y4ZuJK7eJ1FFUEsYYXqcDMHH1aa.6GyPFaK', 'marthe.lecoq@todolist.fr', '2024-04-07 13:00:55', NULL);

--
-- Index pour les tables déchargées
--

--
-- Index pour la table `doctrine_migration_versions`
--
ALTER TABLE `doctrine_migration_versions`
  ADD PRIMARY KEY (`version`);

--
-- Index pour la table `messenger_messages`
--
ALTER TABLE `messenger_messages`
  ADD PRIMARY KEY (`id`),
  ADD KEY `IDX_75EA56E0FB7336F0` (`queue_name`),
  ADD KEY `IDX_75EA56E0E3BD61CE` (`available_at`),
  ADD KEY `IDX_75EA56E016BA31DB` (`delivered_at`);

--
-- Index pour la table `task`
--
ALTER TABLE `task`
  ADD PRIMARY KEY (`id`),
  ADD KEY `IDX_527EDB25A76ED395` (`user_id`);

--
-- Index pour la table `user`
--
ALTER TABLE `user`
  ADD PRIMARY KEY (`id`),
  ADD UNIQUE KEY `UNIQ_8D93D649E7927C74` (`email`);

--
-- AUTO_INCREMENT pour les tables déchargées
--

--
-- AUTO_INCREMENT pour la table `messenger_messages`
--
ALTER TABLE `messenger_messages`
  MODIFY `id` bigint(20) NOT NULL AUTO_INCREMENT;

--
-- AUTO_INCREMENT pour la table `task`
--
ALTER TABLE `task`
  MODIFY `id` int(11) NOT NULL AUTO_INCREMENT, AUTO_INCREMENT=436;

--
-- AUTO_INCREMENT pour la table `user`
--
ALTER TABLE `user`
  MODIFY `id` int(11) NOT NULL AUTO_INCREMENT, AUTO_INCREMENT=23;

--
-- Contraintes pour les tables déchargées
--

--
-- Contraintes pour la table `task`
--
ALTER TABLE `task`
  ADD CONSTRAINT `FK_527EDB25A76ED395` FOREIGN KEY (`user_id`) REFERENCES `user` (`id`);
COMMIT;

/*!40101 SET CHARACTER_SET_CLIENT=@OLD_CHARACTER_SET_CLIENT */;
/*!40101 SET CHARACTER_SET_RESULTS=@OLD_CHARACTER_SET_RESULTS */;
/*!40101 SET COLLATION_CONNECTION=@OLD_COLLATION_CONNECTION */;
